241	0	-10	1	Trang nội dung
242	0	-10	1	Danh mục Blog
234	0	0	1	Đối tác
235	0	0	1	Map
236	0	0	1	Chân trang giữa
237	0	0	1	Chân trang phải
351	0	0	1	Cảm nhận khách hàng
469	0	0	0	Thông tin chính sách
487	0	0	1	Văn bản pháp luật
500	0	0	1	Dự án
513	0	0	1	Khách hàng
514	0	0	1	NewsCate01
90	0	0	1	Logo đối tác
245	0	0	1	Mo Ta Thanh Toan
110	0	2	0	Mục banner
109	0	4	1	Mục contact
87	0	100	0	Phương tiện
92	0	100	1	Dịch vụ
41	0	100	0	Khách hàng
464	0	100	1	Tại sao chọn chúng tôi
519	0	100	1	Khóa học
526	41	0	1	Giáo sư Nguyễn Thị Hoa
527	41	0	1	Giáo sư Nguyễn Thị Hoa
528	41	0	1	Giáo sư Nguyễn Thị Hoa
529	41	0	1	Giáo sư Nguyễn Thị Hoa
530	41	0	1	Giáo sư Nguyễn Thị Hoa
531	41	0	1	Giáo sư Nguyễn Thị Hoa
356	44	0	1	Slide 1
357	44	0	1	Slide 2
358	44	0	1	Slide 3
507	92	0	1	Sea Freight
550	92	0	1	Air Freight
552	92	0	1	Inland Trucking
568	92	0	1	Custom Broker
569	92	0	1	Cargo GSA
570	92	0	1	Express 24/7
571	92	0	1	Warehousing, Packaging inventory Management
26	109	0	1	Liên hệ
96	109	1	1	Thông tin chân trang
31	109	2	1	Chân trang bên trái
47	110	1	1	Chứng nhận - thành tích
44	110	2	1	Slide PC
43	110	3	1	Banner home 2
100	110	4	1	Banner quảng cáo
119	110	5	1	Banner home 3
120	110	6	1	Điều khoản đăng ký
113	110	7	1	Cam kết sản phẩm
156	134	1	1	Miền Bắc
158	134	2	1	Miền Nam
159	134	3	1	Miền Trung
160	156	1	1	Bắc Giang
171	156	2	1	Bắc Ninh
172	156	3	1	Cao Bằng
173	156	4	1	Hà Giang
174	156	5	1	Hà Nam
175	156	6	1	HÀ NỘI
176	156	7	1	Hải Dương
177	156	8	1	Hải Phòng
178	156	9	1	Hòa Bình
179	156	10	1	Hưng Yên
180	156	11	1	Lai Châu
181	156	12	1	Lạng Sơn
182	156	13	1	Lào Cai
183	156	14	1	Nam Định
184	156	15	1	Ninh Bình
185	156	16	1	Phú Thọ
186	156	17	1	Quảng Ninh
187	156	18	1	Sơn La
188	156	19	1	Thái Bình
189	156	20	1	Thái Nguyên
190	156	21	1	Tuyên Quang
191	156	22	1	Vĩnh Phúc
192	156	23	1	Yên Bái
193	156	24	1	Điện Biên
157	158	1	1	An Giang
194	158	2	1	Bạc Liêu
195	158	3	1	Bến Tre
196	158	4	1	Bình Dương
197	158	5	1	Bình Phước
198	158	6	1	Buôn Mê Thuột
199	158	7	1	Cà Mau
200	158	8	1	Cần Thơ
201	158	9	1	Gia Lai
202	158	10	1	Hậu Giang
203	158	11	1	Kiên Giang
204	158	12	1	Kon Tum
205	158	13	1	Lâm Đồng
206	158	14	1	Long An
207	158	15	1	Sóc Trăng
208	158	16	1	Tây Ninh
209	158	17	1	Tiền Giang
210	158	18	1	TP Hồ Chí Minh
211	158	19	1	Trà Vinh
212	158	20	1	Vĩnh Long
213	158	21	1	Vũng Tàu
214	158	22	1	Đăk Lăk
215	158	23	1	Đăk Nông
216	158	24	1	Đồng Nai
217	158	25	1	Đồng Tháp
218	159	1	1	Bình Thuận
219	159	2	1	Bình Định
220	159	3	1	Hà Tĩnh
221	159	4	1	Huế
222	159	5	1	Khánh Hòa
223	159	6	1	Nghệ An
224	159	7	1	Ninh Thuận
225	159	8	1	Phú Yên
226	159	9	1	Quảng Bình
227	159	10	1	Quảng Nam
228	159	11	1	Quảng Ngãi
229	159	12	1	Quảng Trị
230	159	13	1	Thanh Hóa
231	159	14	1	Đà Nẵng
544	235	0	1	Trụ sở chính
545	235	0	1	Văn phòng Hà Nội
546	235	0	1	Văn phòng Đà Nẵng
243	241	0	1	Giới thiệu
596	242	0	1	Tin nổi bật
588	242	1	1	Bản tin
594	242	2	1	Tấm gương tiêu biểu
595	242	3	1	Mô hình tái hòa nhập cộng đồng
593	242	4	1	Văn bản
597	242	5	1	Thư viện ảnh - video
591	242	6	1	Giải đáp pháp luật
246	245	0	1	Thanh toán khi nhận hàng
247	245	0	1	Thanh toán chuyển khoản
248	245	0	1	Thanh toán tại kho
249	245	0	1	Thông tin thanh toán trực tuyến Ngân Lượng
250	245	0	1	Thanh toán trực tuyến Bảo Kim
251	245	0	1	Thanh toán trực tuyến OnePay
283	282	1	0	Thương hiệu
284	282	2	0	Kiểu dáng
285	282	3	0	Màu sắc
286	283	1	0	DURALEX
287	283	2	0	SOGA
288	283	3	0	RCK
302	283	4	1	BUBBLE
289	284	1	0	Tròn
290	284	2	0	Oval
291	284	3	0	Vuông
292	285	1	0	Hoa văn
293	285	2	0	Trong suốt
294	285	3	0	Trắng
353	351	0	1	Hoa hậu Phạm Hương
354	351	0	1	Á hậu Tú Anh
355	351	0	1	Diễn viên Minh Tiệp
465	464	1	1	Professional Experience
466	464	1	1	Global Partners
467	464	3	1	Perfect Solution
518	464	4	1	Cost Effective
572	464	5	1	Always here for you 24/7
539	469	0	1	Chính sách tích điểm
540	469	0	1	Chính sách bảo mật thông tin
541	469	0	1	Quy định đăng bình luận
542	469	0	1	Điều khoản sủ dụng
470	469	0	1	Hướng dẫn mua hàng
471	469	0	1	Chính sách đổi trả
472	469	0	1	Giao hàng & thanh toán
488	487	0	1	Chuyên mục kế toán
489	487	0	1	Chuyên mục kiểm toán
490	487	0	1	Chuyên mục thuế
491	487	0	1	Chuyên mục tài chính
492	487	0	1	Chuyên mục đầu tư
515	514	0	1	Tận tâm
516	514	0	1	Kinh nghiệm
517	514	0	1	Chuyên nghiệp
520	519	0	1	Tiểu học
521	519	0	1	Luyện thi vào lớp 6
522	519	0	1	Trung học cơ sở
523	519	0	1	Luyện thi vào lớp 10
