10479	2025_01_14_16_51_13_90.jpg
10481	2025_01_17_09_48_48_97.jpg
10480	2025_01_17_09_50_44_34.jpg
10489	2025_01_18_11_15_46_91.png
10490	2025_01_18_11_16_58_21.png
10491	2025_02_25_10_16_01_78.jpg
10493	2025_03_07_22_54_14_11.JPG
10502	2025_04_09_14_06_25_46.jpg
10503	2025_04_09_14_31_17_71.jpg
10504	2025_04_09_14_38_39_47.jpg
10505	2025_04_09_15_41_47_06.jpg
10510	2025_04_11_13_58_43_93.png
10506	2025_04_14_23_09_59_62.jpeg
10509	2025_04_15_17_37_19_31.png
10508	2025_04_15_17_44_17_30.jpg
10511	2025_04_15_17_45_52_65.jpg
10507	2025_04_15_17_47_51_84.jpg
10512	2025_04_17_07_42_43_26.jpeg
10513	2025_04_17_07_54_04_91.jpeg
10516	2025_04_17_10_50_04_04.jpg
10517	2025_04_22_10_27_16_97.jpg
20521	2025_05_03_14_11_37_01.jpg
10518	2025_05_05_11_27_12_53.jpg
10515	2025_05_05_11_40_53_77.jpeg
20526	2025_05_06_15_15_18_12.jpg
20522	2025_05_09_15_30_39_31.jpg
20523	2025_05_09_15_31_21_93.jpg
20525	2025_05_09_15_33_52_38.jpg
20524	2025_05_09_15_34_35_87.jpeg
20527	2025_05_09_15_36_56_09.jpg
20528	2025_05_12_10_09_28_64.jpg
20529	2025_05_13_07_22_33_58.jpg
20530	2025_05_13_16_25_53_18.png
20531	2025_05_16_15_19_29_05.jpg
20532	2025_05_17_16_37_19_80.jpg
20533	2025_05_17_20_28_15_12.jpg
20534	2025_05_21_10_40_32_22.jpeg
20535	2025_05_21_11_40_55_33.png
20536	2025_05_21_12_32_16_44.jpg
20537	2025_05_21_14_08_54_55.png
20538	2025_05_21_20_28_07_32.JPG
10520	2025_05_25_10_31_06_37.jpg
10519	2025_05_25_11_01_32_26.jpg
20539	2025_05_25_11_13_52_54.JPEG
20540	2025_05_25_11_44_27_49.png
20541	2025_05_25_15_42_03_77.jpg
20542	2025_05_25_23_03_37_86.jpg
20543	2025_05_25_23_09_51_62.jpeg
20544	2025_05_25_23_16_59_75.jpeg
20545	2025_05_25_23_20_06_14.jpeg
20546	2025_05_25_23_24_50_04.jpeg
20547	2025_05_26_00_05_45_22.jpg
20548	2025_05_26_00_45_55_54.jpg
20549	2025_05_26_08_41_54_22.jpg
20550	2025_05_26_14_26_52_28.jpeg
20554	2025_05_27_10_07_14_98.jpg
20553	2025_05_29_14_53_12_27.jpg
20555	2025_05_29_14_53_59_94.jpg
20556	2025_06_02_08_48_29_88.jpg
20558	2025_06_07_10_07_07_78.jpg
20560	2025_07_01_09_25_47_82.jpg
20561	2025_08_28_21_04_24_46.jpg
20562	2025_08_28_21_33_05_93.jpg
20563	2025_08_29_08_25_34_18.jpeg
20565	2025_09_01_22_23_06_44.JPG
20566	2025_09_04_17_12_45_73.jpg
20570	2025_09_05_12_13_40_41.jpg
20568	2025_09_05_14_31_25_11.jpg
20571	2025_09_05_15_30_48_44.jpg
20572	2025_09_08_10_11_49_79.jpg
20573	2025_09_12_14_44_40_93.jpg
20574	2025_09_12_14_54_12_01.jpg
20575	2025_09_12_22_17_30_19.jpg
20576	2025_09_13_00_20_21_91.jpg
20577	2025_09_13_10_07_40_68.JPG
20578	2025_09_13_15_42_36_82.jpg
20580	2025_09_15_16_06_57_32.jpg
20581	2025_09_15_17_21_39_11.jpg
20582	2025_09_15_17_29_37_49.jpg
20583	2025_09_16_10_05_37_25.jpg
20584	2025_09_16_10_25_27_07.jpg
20585	2025_09_16_10_33_00_21.jpg
20586	2025_09_16_10_50_10_01.jpg
20587	2025_09_16_11_12_51_81.jpeg
20588	2025_09_16_11_36_55_59.jpg
20589	2025_09_16_11_44_17_52.jpg
20590	2025_09_16_14_33_36_11.jpg
20591	2025_09_16_14_37_39_96.jpg
20592	2025_09_16_14_58_01_83.jpg
20579	2025_09_16_17_57_55_09.jpg
20593	2025_09_16_19_32_50_37.jpg
20594	2025_09_16_20_53_51_30.jpg
20595	2025_09_16_21_02_59_34.png
20596	2025_09_16_21_35_11_76.jpg
20597	2025_09_16_21_49_42_24.jpeg
20598	2025_09_16_22_10_19_56.jpg
20599	2025_09_16_22_19_40_27.jpg
20600	2025_09_16_22_34_51_86.png
20601	2025_09_16_22_41_57_77.jpg
20602	2025_09_16_22_53_28_14.jpg
20603	2025_09_16_22_55_05_19.jpg
20604	2025_09_16_23_02_30_81.jpg
20605	2025_09_17_08_32_54_18.jpg
20606	2025_09_17_09_53_29_67.jpg
20607	2025_09_17_10_14_04_09.jpg
20608	2025_09_17_10_24_35_23.jpg
20609	2025_09_18_14_55_28_13.jpg
20610	2025_09_18_15_40_52_42.jpg
20611	2025_09_18_16_37_18_83.jpg
20612	2025_09_18_16_46_34_09.jpg
20614	2025_09_19_17_19_43_64.jpeg
20615	2025_09_19_17_39_49_92.jpeg
20620	2025_09_19_19_50_13_18.jpg
20622	2025_09_19_20_25_39_88.jpg
20623	2025_09_19_20_33_45_19.jpg
20624	2025_09_19_20_45_53_04.jpg
20627	2025_09_19_20_59_29_57.jpg
20629	2025_09_19_21_41_09_15.jpeg
20631	2025_09_19_22_09_31_60.jpeg
20632	2025_09_19_22_17_21_07.jpeg
20633	2025_09_19_22_31_15_92.jpeg
20634	2025_09_19_22_51_06_51.jpeg
20635	2025_09_19_23_08_27_48.jpg
20613	2025_09_20_00_53_43_12.jpg
20616	2025_09_20_09_28_58_64.png
20617	2025_09_20_09_40_54_27.png
20618	2025_09_20_10_14_01_37.png
20621	2025_09_20_10_50_26_42.jpg
20636	2025_09_20_12_19_58_66.jpg
20625	2025_09_20_20_26_18_40.jpg
20626	2025_09_20_20_29_50_71.jpg
20628	2025_09_20_20_33_48_04.jpg
20637	2025_09_22_10_01_48_49.jpg
20638	2025_09_22_10_28_17_09.jpg
20640	2025_09_24_08_22_31_00.jpg
20641	2025_09_24_09_15_28_53.png
20643	2025_09_25_08_33_32_55.png
20642	2025_09_28_09_42_02_44.jpg
20644	2025_09_28_19_51_46_95.jpg
20645	2025_09_28_23_19_56_67.jpg
20646	2025_09_29_20_47_55_41.jpg
20647	2025_09_29_22_03_24_40.jpeg
20648	2025_09_29_22_20_32_57.jpg
20649	2025_09_29_22_26_17_59.jpg
20650	2025_09_30_22_12_24_90.jpg
20651	2025_10_03_11_31_14_32.jpg
20652	2025_10_03_11_42_05_00.jpeg
20653	2025_10_03_12_00_31_58.jpeg
20655	2025_10_16_23_43_59_56.jpg
20656	2025_10_19_17_26_28_80.jpg
20657	2025_10_28_12_48_46_61.jpg
20658	2025_10_31_16_31_36_40.jpg
20659	2025_11_01_08_17_19_63.jpg
20660	2025_11_01_10_54_37_66.jpeg
20661	2025_11_03_10_28_10_50.jpg
20662	2025_11_03_10_58_07_32.jpg
20663	2025_11_03_11_44_18_73.jpg
20664	2025_11_03_14_07_07_44.jpeg
20665	2025_11_03_14_27_10_33.jpg
20666	2025_11_03_14_31_53_61.jpg
20667	2025_11_03_14_52_45_67.jpg
20668	2025_11_03_14_56_35_57.jpg
20669	2025_11_03_15_06_32_56.jpg
20670	2025_11_03_15_33_49_16.jpeg
20671	2025_11_03_15_42_45_18.jpg
20672	2025_11_03_15_51_43_07.jpg
20673	2025_11_03_16_02_33_15.jpg
20677	2025_11_03_17_15_45_00.jpg
20679	2025_11_03_17_28_57_71.jpg
20680	2025_11_03_17_40_38_99.jpg
20681	2025_11_03_17_48_23_00.jpeg
20682	2025_11_03_17_54_37_63.jpg
20685	2025_11_04_12_00_48_30.jpeg
20686	2025_11_04_14_14_56_29.jpeg
20687	2025_11_04_15_42_58_70.jpg
20688	2025_11_04_16_07_47_05.jpg
20689	2025_11_04_16_18_34_86.jpeg
20690	2025_11_04_16_29_29_26.jpeg
20692	2025_11_04_16_57_23_26.jpeg
20693	2025_11_04_17_24_46_56.jpg
20694	2025_11_04_17_35_10_61.jpg
20695	2025_11_05_08_45_54_48.jpeg
20696	2025_11_05_08_54_47_48.jpg
20699	2025_11_05_09_33_57_39.jpg
20700	2025_11_05_09_41_50_47.jpeg
20701	2025_11_05_09_53_32_32.jpg
20702	2025_11_05_09_58_39_32.jpeg
20704	2025_11_07_13_52_47_21.jpeg
20705	2025_11_07_13_59_08_09.jpg
20706	2025_11_07_14_16_46_24.jpg
20707	2025_11_07_15_02_07_87.jpg
20710	2025_11_07_22_35_07_54.jpg
20712	2025_11_08_17_15_02_23.jpg
20713	2025_11_10_09_26_26_08.jpg
20715	2025_11_10_09_45_57_29.jpg
20716	2025_11_10_10_12_07_34.jpeg
20717	2025_11_10_10_27_43_52.jpg
20719	2025_11_10_10_47_48_69.jpeg
20720	2025_11_10_10_51_28_35.jpg
20723	2025_11_10_14_00_54_66.jpeg
20724	2025_11_10_14_33_11_92.jpg
20725	2025_11_11_14_38_49_33.jpeg
20726	2025_11_11_14_59_47_73.jpg
20728	2025_11_11_15_35_41_79.jpg
20729	2025_11_11_15_54_40_50.jpg
20730	2025_11_11_16_03_04_61.jpeg
20731	2025_11_11_16_15_51_54.jpg
20732	2025_11_11_16_33_59_01.jpg
20733	2025_11_11_16_37_34_08.jpg
20734	2025_11_11_16_47_54_74.jpeg
20735	2025_11_11_16_54_35_89.jpg
20736	2025_11_11_17_03_24_93.jpg
20737	2025_11_11_17_26_09_61.jpeg
20738	2025_11_14_19_38_44_33.jpeg
20739	2025_11_14_19_57_19_00.jpg
20740	2025_11_14_20_09_03_59.jpg
20741	2025_11_14_20_21_42_87.jpeg
20742	2025_11_14_20_27_49_41.jpeg
20743	2025_11_14_20_33_40_72.jpg
20744	2025_11_14_20_42_41_00.jpeg
20745	2025_11_14_20_59_53_47.jpg
20746	2025_11_14_21_14_14_35.jpg
20747	2025_11_14_21_18_50_32.jpg
20749	2025_11_14_21_33_34_65.jpeg
20750	2025_11_14_21_49_49_39.png
20751	2025_11_14_21_57_00_21.jpg
20752	2025_11_14_22_02_46_79.jpeg
20753	2025_11_14_22_22_14_67.jpg
20754	2025_11_17_20_20_57_01.jpeg
20755	2025_11_17_20_29_34_31.png
20756	2025_11_17_21_22_24_84.jpg
20757	2025_11_18_14_26_10_74.jpg
20759	2025_11_18_14_53_55_91.jpeg
20760	2025_11_18_15_28_44_74.png
20761	2025_11_18_16_10_08_92.jpg
20762	2025_11_18_16_21_33_28.jpg
20764	2025_11_18_16_48_17_86.jpg
20765	2025_11_18_16_56_52_08.jpeg
20766	2025_11_18_17_15_26_75.jpg
20767	2025_11_18_20_06_48_33.jpeg
20768	2025_11_18_20_38_36_18.jpg
20769	2025_11_18_20_52_20_82.jpeg
20770	2025_11_18_21_18_54_56.jpg
20771	2025_11_18_21_26_12_64.jpg
20772	2025_11_18_21_41_07_46.jpeg
20773	2025_11_18_21_52_20_90.jpg
20774	2025_11_18_22_06_18_58.png
20775	2025_11_20_15_40_53_60.jpeg
20776	2025_11_20_15_48_10_76.jpeg
20777	2025_11_22_14_10_35_99.jpg
20779	2025_11_22_16_07_47_90.jpeg
20780	2025_11_22_16_17_42_57.jpg
20781	2025_11_24_20_00_54_19.jpg
20782	2025_11_24_20_22_55_22.jpg
20783	2025_11_25_07_53_49_81.jpeg
20784	2025_11_25_16_47_24_32.jpg
20785	2025_11_29_16_53_24_07.jpeg
20786	2025_11_29_17_01_29_07.jpeg
20787	2025_11_29_17_11_10_29.jpeg
20788	2025_11_29_17_27_59_35.jpg
20789	2025_11_29_17_42_05_37.jpeg
20790	2025_11_29_17_48_57_45.jpg
20791	2025_11_29_18_01_54_85.jpg
20792	2025_11_29_18_14_16_92.jpeg
20793	2025_11_29_18_21_52_06.jpeg
20794	2025_11_29_18_40_18_53.jpg
20795	2025_11_29_18_50_53_81.jpeg
20796	2025_11_29_18_56_40_43.jpg
20797	2025_11_29_19_02_13_63.jpg
20798	2025_11_29_19_06_55_78.jpeg
20799	2025_11_29_19_11_25_83.jpg
20800	2025_11_29_19_18_51_91.jpeg
20802	2025_11_29_19_37_44_02.jpeg
20803	2025_11_29_19_47_23_62.jpeg
20805	2025_11_29_20_09_18_31.jpg
20806	2025_11_29_20_15_40_71.jpeg
20807	2025_11_29_20_24_45_17.jpg
20808	2025_11_29_20_38_24_97.jpeg
20810	2025_11_29_21_02_54_31.jpeg
20811	2025_11_29_21_09_34_88.jpeg
20812	2025_11_29_21_15_15_30.jpeg
20813	2025_12_01_08_57_36_04.jpg
20815	2025_12_02_10_08_26_38.jpeg
20816	2025_12_08_10_31_49_54.jpeg
20817	2025_12_08_10_42_22_50.jpg
20818	2025_12_08_10_48_26_54.jpg
20819	2025_12_08_10_52_01_07.jpg
20820	2025_12_08_10_54_29_59.jpg
20821	2025_12_08_13_31_38_72.jpg
20822	2025_12_08_13_46_33_16.jpeg
20823	2025_12_08_16_15_22_24.jpeg
20824	2025_12_08_16_22_00_28.jpeg
20825	2025_12_08_16_35_34_90.jpeg
20826	2025_12_08_16_42_54_24.gif
20827	2025_12_08_16_47_46_51.jpeg
20828	2025_12_08_17_00_26_71.jpg
20829	2025_12_08_17_08_46_82.jpeg
20830	2025_12_08_17_15_17_62.jpg
20831	2025_12_08_17_23_41_36.jpeg
20833	2025_12_08_17_39_44_82.jpeg
20834	2025_12_08_17_46_56_62.jpeg
20835	2025_12_08_18_04_22_74.jpeg
20840	2025_12_10_10_54_01_21.jpeg
20841	2025_12_10_12_00_32_74.jpg
20842	2025_12_10_12_03_54_58.jpg
20843	2025_12_10_13_45_24_65.jpeg
20844	2025_12_10_15_30_34_06.jpeg
20845	2025_12_10_15_35_57_88.jpeg
20846	2025_12_11_23_40_02_49.jpg
20848	2025_12_15_14_16_06_48.jpg
20849	2025_12_15_14_33_42_44.jpeg
20850	2025_12_15_15_01_18_38.jpg
20851	2025_12_15_15_06_46_69.jpeg
20852	2025_12_15_15_11_30_60.jpg
20853	2025_12_15_15_24_02_95.jpeg
20854	2025_12_15_15_33_06_94.jpg
20855	2025_12_15_15_46_31_21.jpg
20857	2025_12_15_16_10_12_17.jpeg
20858	2025_12_15_16_17_10_82.jpg
20859	2025_12_15_16_31_05_52.jpeg
20861	2025_12_15_16_41_19_36.jpg
20862	2025_12_15_16_51_52_10.jpg
20863	2025_12_15_17_14_38_33.jpg
20864	2025_12_15_17_17_41_88.jpg
20865	2025_12_15_17_24_10_12.jpeg
20866	2025_12_15_17_33_55_32.jpeg
20867	2025_12_15_17_37_51_52.jpg
20868	2025_12_15_17_45_32_68.jpg
20837	2025_12_17_09_08_33_47.jpeg
20683	2025_12_17_09_20_41_33.jpeg
20869	2025_12_17_09_23_04_77.jpg
20676	2025_12_17_09_27_11_36.jpg
20778	2025_12_17_09_34_08_03.jpg
20709	2025_12_17_09_36_09_71.jpg
20708	2025_12_17_09_37_16_88.png
20630	2025_12_17_09_47_28_29.jpg
20860	2025_12_17_09_54_37_73.jpg
20856	2025_12_17_09_59_00_96.jpg
20847	2025_12_17_10_04_28_98.jpg
20839	2025_12_17_10_09_07_66.jpg
20675	2025_12_17_10_10_51_99.jpg
20836	2025_12_17_10_12_40_52.jpg
20838	2025_12_17_10_13_22_91.jpg
20832	2025_12_17_10_16_10_50.jpeg
20814	2025_12_17_10_25_10_80.jpg
20804	2025_12_17_10_30_58_49.jpeg
20801	2025_12_17_10_33_23_37.jpg
20698	2025_12_17_10_38_33_57.jpg
20763	2025_12_18_08_16_40_53.png
20758	2025_12_18_08_22_35_57.jpeg
20727	2025_12_18_08_32_18_70.jpg
20722	2025_12_18_08_38_14_61.jpeg
20721	2025_12_18_08_39_21_94.jpg
20718	2025_12_18_08_51_12_15.jpeg
20714	2025_12_18_08_52_45_72.jpeg
20711	2025_12_18_08_54_37_66.jpg
20703	2025_12_18_08_57_47_89.jpg
20697	2025_12_18_09_01_20_56.jpg
20691	2025_12_18_09_03_35_90.jpg
20684	2025_12_18_09_23_13_22.jpeg
20678	2025_12_18_09_27_28_46.jpg
20674	2025_12_18_09_29_40_93.jpg
20870	2025_12_19_09_17_52_01.jpg
20871	2025_12_19_10_18_34_82.jpg
20874	2025_12_19_16_48_04_97.jpg
20875	2025_12_20_20_13_58_44.png
20876	2025_12_22_17_23_02_15.jpg
20877	2025_12_22_19_44_32_54.jpeg
20878	2025_12_22_19_55_58_15.jpg
20879	2025_12_22_20_12_37_30.jpeg
20880	2025_12_22_20_26_23_29.jpg
20881	2025_12_22_20_40_59_45.jpeg
20884	2025_12_24_09_54_42_82.jpg
20885	2025_12_24_17_35_15_46.jpg
20890	2025_12_25_20_23_29_54.jpg
20891	2025_12_25_21_43_38_46.jpg
20892	2025_12_25_22_06_10_12.jpeg
20893	2025_12_27_17_59_50_84.jpg
20894	2025_12_28_21_32_55_82.png
20895	2025_12_28_21_45_46_15.jpeg
20896	2025_12_28_22_14_28_12.png
20559	2025_12_29_10_23_15_00.jpg
20897	2025_12_29_14_11_51_36.jpg
20898	2025_12_31_21_42_38_03.jpg
20899	2026_01_05_10_14_21_55.jpg
20901	2026_01_15_14_44_38_12.png
20902	2026_01_15_14_51_07_61.jpg
20903	2026_01_15_15_44_48_58.jpg
20904	2026_01_15_15_56_55_50.jpeg
20905	2026_01_15_16_38_39_77.jpeg
20906	2026_01_30_18_45_41_28.jpg
20908	2026_02_06_16_11_29_62.jpg
20909	2026_02_25_14_59_27_74.jpg
20911	2026_02_25_15_48_09_20.jpg
20912	2026_02_25_20_28_14_66.jpeg
20913	2026_02_25_20_54_27_06.jpg
20915	2026_02_26_09_23_36_60.jpg
20916	2026_02_27_10_43_46_84.jpeg
20917	2026_02_27_10_49_25_88.jpg
20918	2026_05_06_14_26_06_11.jpeg
20919	2026_05_06_14_55_42_40.jpg
20920	2026_05_07_14_29_14_16.jpg
20921	2026_05_07_14_39_00_45.jpg
20922	2026_05_07_14_49_08_21.jpeg
20923	2026_05_07_15_02_15_54.jpg
20924	2026_05_07_15_18_37_05.jpg
20925	2026_05_07_16_14_56_14.jpeg
20926	2026_05_15_11_25_24_50.jpg
20928	2026_05_16_10_09_22_05.jpg
20929	2026_05_16_10_28_27_72.jpg
20927	2026_05_16_10_44_05_55.jpg
20907	2026_05_16_11_59_10_89.jpeg
20930	2026_05_16_12_45_38_49.jpeg
20931	2026_05_18_10_52_02_36.jpeg
20932	2026_05_18_14_01_29_73.jpeg
20933	2026_05_18_14_21_39_14.jpeg
20934	2026_05_18_14_45_24_94.jpg
20935	2026_05_18_15_46_00_20.jpeg
20936	2026_05_19_09_54_31_72.jpg
20937	2026_05_19_10_32_17_83.jpg
20938	2026_05_19_10_41_03_60.jpg
20939	2026_05_19_10_47_01_79.jpg
20940	2026_05_19_14_06_26_01.jpg
20941	2026_05_19_15_21_26_89.jpeg
20942	2026_05_19_15_42_35_12.jpeg
20943	2026_05_19_15_55_50_75.jpg
20944	2026_05_19_16_14_28_95.jpg
20945	2026_05_19_16_25_10_58.jpg
20946	2026_05_19_16_35_14_26.jpg
20947	2026_05_19_16_47_05_97.jpg
20948	2026_05_20_10_03_53_18.jpeg
20949	2026_05_20_10_18_03_34.jpeg
20950	2026_05_20_11_09_34_23.jpeg
20951	2026_05_20_14_16_50_71.jpg
20952	2026_05_20_14_25_55_03.jpg
20953	2026_05_20_14_33_33_79.jpeg
20954	2026_05_20_14_48_58_29.jpeg
20955	2026_05_20_15_11_55_21.jpg
20956	2026_05_20_15_28_09_34.jpg
20957	2026_05_20_15_40_19_41.jpg
20958	2026_05_20_15_56_55_16.jpg
20959	2026_05_20_16_10_54_47.jpg
20960	2026_05_21_08_36_13_42.jpg
20961	2026_05_21_10_06_01_32.jpg
20962	2026_05_21_10_19_39_36.jpeg
20964	2026_05_21_11_28_11_42.jpg
20965	2026_05_21_13_58_38_08.jpeg
20966	2026_05_21_14_04_44_59.jpeg
20967	2026_05_21_14_14_27_02.jpg
20968	2026_05_21_14_42_12_03.jpeg
20969	2026_05_21_16_00_33_84.jpg
20970	2026_05_21_16_12_46_63.jpg
20971	2026_05_21_20_55_13_51.jpeg
20972	2026_05_21_21_07_12_35.jpeg
20973	2026_05_21_21_43_38_65.jpeg
20974	2026_05_21_22_18_19_81.jpeg
20975	2026_05_22_08_27_40_40.jpeg
20976	2026_05_22_10_05_58_73.jpg
20977	2026_05_22_10_21_47_93.jpeg
20978	2026_05_22_10_46_19_10.jpg
20979	2026_05_22_10_56_47_26.jpg
20980	2026_05_22_11_48_29_53.jpg
20981	2026_05_22_12_02_52_24.jpg
20982	2026_05_22_13_58_01_96.jpg
20983	2026_05_22_14_15_26_16.jpg
20984	2026_05_22_14_21_56_19.jpg
20985	2026_05_22_14_32_26_60.jpg
20986	2026_05_22_15_17_59_66.jpeg
20987	2026_05_22_15_24_37_33.jpeg
20988	2026_05_22_15_40_31_24.jpeg
20989	2026_05_23_14_15_49_69.jpg
20990	2026_05_24_02_04_04_78.jpg
20991	2026_05_24_23_55_26_84.jpg
20992	2026_05_25_00_05_26_90.jpg
20993	2026_05_25_00_13_30_09.jpg
20994	2026_05_25_00_32_08_12.jpg
20995	2026_05_25_10_13_35_08.jpeg
20997	2026_05_25_10_29_59_35.jpg
20998	2026_05_25_10_42_08_74.jpg
20999	2026_05_25_10_49_42_91.jpeg
21000	2026_05_25_10_58_33_86.jpg
21001	2026_05_25_11_50_39_31.jpg
21002	2026_05_25_12_00_01_33.jpg
21004	2026_05_25_12_12_55_40.jpeg
21005	2026_05_25_12_15_45_58.jpeg
21006	2026_05_25_14_01_16_13.jpg
21007	2026_05_25_14_13_42_01.jpeg
21009	2026_05_25_14_36_12_65.jpeg
21010	2026_05_25_14_53_35_95.jpg
21011	2026_05_25_15_43_59_79.jpg
21012	2026_05_25_15_52_47_71.jpg
21014	2026_05_25_16_10_13_44.jpg
21015	2026_05_25_16_26_48_19.jpg
21016	2026_05_25_16_33_37_85.jpg
21017	2026_05_25_16_38_48_13.jpg
21018	2026_05_26_08_56_16_87.jpg
21019	2026_05_26_09_08_12_88.jpg
21020	2026_05_26_09_30_31_90.jpg
21021	2026_05_26_09_40_17_14.jpeg
21022	2026_05_26_10_39_03_39.jpeg
21023	2026_05_26_10_47_10_27.jpg
21024	2026_05_26_10_57_02_42.jpeg
21025	2026_05_26_14_24_04_50.jpeg
21026	2026_05_26_14_28_26_93.jpg
21027	2026_05_26_14_36_58_27.jpg
21028	2026_05_26_14_48_03_62.jpg
21030	2026_05_26_15_47_46_45.jpeg
21031	2026_05_26_15_54_42_92.jpg
21032	2026_05_26_16_17_39_53.jpeg
21033	2026_05_26_16_24_17_48.jpg
21034	2026_05_26_23_08_32_49.jpg
21035	2026_05_27_08_56_25_80.jpeg
21036	2026_05_27_09_05_38_29.jpeg
21038	2026_05_27_10_20_13_22.jpg
21039	2026_05_27_10_37_25_61.jpeg
21040	2026_05_27_17_08_36_93.jpg
21041	2026_05_27_19_06_42_66.jpg
21042	2026_05_27_19_24_30_32.jpg
21029	2026_05_28_09_12_32_79.jpg
21013	2026_05_28_10_15_40_66.jpeg
21044	2026_05_29_00_31_02_51.jpg
21045	2026_05_29_08_49_22_80.jpg
21047	2026_05_29_10_22_18_08.jpeg
21048	2026_05_29_10_30_53_48.jpeg
20900	2026_05_29_10_35_40_07.jpeg
21049	2026_05_29_10_56_51_05.jpg
21050	2026_05_29_11_05_03_69.jpeg
21051	2026_05_29_14_24_10_83.jpeg
21052	2026_05_29_14_37_26_88.jpg
21053	2026_05_29_14_43_56_38.jpg
21054	2026_05_29_14_53_25_20.jpeg
21055	2026_05_29_14_58_31_40.jpg
21056	2026_05_29_15_05_23_18.jpeg
21057	2026_05_29_15_37_39_92.jpeg
21058	2026_06_01_09_00_57_73.jpeg
21059	2026_06_01_09_16_33_45.jpeg
21060	2026_06_01_10_01_19_95.jpg
21061	2026_06_01_10_09_05_79.jpeg
21062	2026_06_01_10_19_45_62.jpeg
21063	2026_06_01_10_48_45_09.jpg
21064	2026_06_01_10_57_50_70.jpg
21065	2026_06_01_14_20_38_20.jpeg
21066	2026_06_01_14_34_56_87.jpeg
21067	2026_06_01_14_44_36_47.jpeg
21068	2026_06_01_14_55_44_00.jpg
21069	2026_06_01_15_50_45_93.jpg
21070	2026_06_01_16_07_34_19.jpeg
21071	2026_06_01_17_14_03_88.jpg
21072	2026_06_01_22_15_14_97.jpg
21073	2026_06_01_22_56_30_06.jpg
21074	2026_06_02_10_34_04_66.jpg
21046	2026_06_02_10_43_03_19.jpeg
21008	2026_06_02_10_53_41_74.jpeg
20963	2026_06_02_11_02_28_74.jpeg
21075	2026_06_02_11_44_42_31.jpg
21076	2026_06_02_14_20_14_30.jpeg
21077	2026_06_02_14_28_33_67.jpeg
21078	2026_06_02_14_46_34_72.jpg
21079	2026_06_02_16_00_13_32.jpeg
21080	2026_06_02_16_07_29_95.jpeg
21081	2026_06_02_16_15_45_33.jpg
21082	2026_06_02_16_53_59_61.jpg
21083	2026_06_02_17_06_01_84.jpg
21084	2026_06_03_09_53_01_40.jpeg
21085	2026_06_03_10_36_44_88.jpeg
21086	2026_06_03_10_53_17_12.jpeg
21087	2026_06_03_14_13_40_67.jpg
21088	2026_06_03_14_22_47_33.jpeg
21089	2026_06_03_14_37_15_85.jpeg
21090	2026_06_03_14_53_19_94.jpeg
21091	2026_06_03_15_02_52_71.jpg
21093	2026_06_03_16_01_21_88.jpeg
21094	2026_06_03_16_10_57_28.jpeg
21095	2026_06_03_16_16_57_03.jpg
21096	2026_06_03_21_38_17_74.jpeg
21097	2026_06_03_21_59_45_20.jpg
21098	2026_06_03_22_22_52_87.jpg
21099	2026_06_03_22_29_04_88.jpeg
21100	2026_06_03_22_34_27_24.jpg
21101	2026_06_03_22_46_06_60.jpeg
21102	2026_06_04_08_46_17_55.jpeg
21103	2026_06_04_08_52_39_10.jpeg
21104	2026_06_04_09_06_02_15.jpeg
21105	2026_06_04_09_13_51_58.jpeg
21106	2026_06_04_10_19_31_83.jpeg
21107	2026_06_04_10_30_44_80.jpeg
21108	2026_06_04_10_40_59_27.jpeg
21109	2026_06_04_10_52_06_37.jpg
21110	2026_06_04_11_01_23_00.jpeg
21111	2026_06_04_14_26_05_41.jpeg
21112	2026_06_04_14_44_42_94.jpeg
21113	2026_06_04_15_45_01_73.jpg
21114	2026_06_04_16_04_42_77.jpeg
21115	2026_06_04_16_18_59_20.jpeg
21116	2026_06_04_22_06_12_25.jpg
21117	2026_06_04_22_12_48_13.jpeg
21118	2026_06_04_22_20_08_60.jpeg
21119	2026_06_04_22_31_36_09.jpg
21120	2026_06_04_22_40_42_84.jpeg
21121	2026_06_05_10_55_04_44.jpg
21122	2026_06_05_11_01_09_89.jpg
21123	2026_06_05_18_05_41_85.jpeg
21124	2026_06_06_16_20_24_91.jpeg
21125	2026_06_06_16_30_12_14.jpeg
21126	2026_06_06_16_42_05_13.jpg
21127	2026_06_06_16_46_28_43.jpg
21128	2026_06_06_17_00_38_46.jpeg
21129	2026_06_06_18_16_53_96.jpeg
21130	2026_06_06_18_22_19_10.jpg
21131	2026_06_06_18_36_01_37.jpg
21132	2026_06_06_18_43_49_38.jpg
21133	2026_06_06_19_44_37_42.jpeg
21134	2026_06_06_20_22_44_92.jpg
21135	2026_06_06_20_31_22_15.jpg
21136	2026_06_06_20_45_58_47.jpeg
21137	2026_06_06_20_52_59_42.jpeg
21138	2026_06_06_21_02_17_06.jpg
21139	2026_06_06_21_08_44_88.jpeg
21140	2026_06_06_21_17_32_25.jpeg
21141	2026_06_06_21_23_10_55.jpg
21142	2026_06_06_21_33_13_10.jpg
21143	2026_06_06_21_43_43_23.jpeg
21144	2026_06_06_23_08_15_75.jpeg
21145	2026_06_07_08_56_50_11.jpg
21146	2026_06_07_09_23_42_18.jpeg
21147	2026_06_07_09_49_13_19.jpeg
21148	2026_06_07_10_01_17_27.jpg
21149	2026_06_07_10_13_14_60.jpg
21150	2026_06_07_14_19_32_10.jpeg
21151	2026_06_07_14_49_42_60.jpeg
21152	2026_06_07_14_56_39_41.jpeg
21153	2026_06_07_15_12_41_70.jpeg
21154	2026_06_07_15_27_39_52.jpeg
21155	2026_06_07_15_46_57_03.jpg
21156	2026_06_07_16_17_52_17.jpeg
21157	2026_06_07_16_36_20_48.jpg
21158	2026_06_07_20_04_56_40.jpeg
21161	2026_06_07_20_29_57_20.jpeg
21162	2026_06_07_20_49_24_98.jpg
21163	2026_06_07_20_57_40_15.jpeg
21165	2026_06_07_21_47_45_15.jpg
21166	2026_06_08_09_15_04_43.jpeg
21167	2026_06_08_10_51_46_39.jpeg
21168	2026_06_08_11_10_20_84.jpg
21169	2026_06_09_08_27_26_71.jpg
21170	2026_06_09_08_36_15_21.jpeg
21171	2026_06_09_08_44_10_66.jpeg
21172	2026_06_09_08_52_26_00.jpeg
21173	2026_06_09_09_07_17_47.jpg
21160	2026_06_09_10_13_46_24.jpg
21174	2026_06_09_10_23_43_22.jpeg
21175	2026_06_09_10_45_28_63.jpeg
21176	2026_06_09_11_00_03_93.jpeg
21177	2026_06_09_14_37_06_48.jpg
21178	2026_06_09_14_55_34_52.jpeg
21179	2026_06_09_15_37_26_93.jpeg
21180	2026_06_09_15_44_51_11.jpeg
21181	2026_06_09_16_02_40_90.jpg
21182	2026_06_09_16_19_18_94.jpeg
21183	2026_06_09_16_42_00_84.jpeg
21184	2026_06_09_22_18_25_94.jpg
21185	2026_06_09_22_22_56_06.jpg
21186	2026_06_10_09_09_46_37.jpg
21187	2026_06_10_09_16_57_23.jpg
21188	2026_06_10_09_28_02_23.jpeg
21189	2026_06_10_09_35_59_84.jpg
21190	2026_06_10_09_42_33_79.jpeg
21191	2026_06_10_09_57_25_56.jpg
21192	2026_06_10_10_10_39_31.jpeg
21193	2026_06_10_14_16_14_09.jpg
21194	2026_06_10_14_27_32_63.jpeg
21195	2026_06_10_14_55_44_65.jpg
21196	2026_06_10_15_01_39_40.jpeg
21197	2026_06_10_15_09_35_26.jpeg
21198	2026_06_10_15_16_18_46.jpg
21199	2026_06_10_16_18_09_71.jpg
21200	2026_06_10_16_27_51_34.jpeg
21201	2026_06_10_16_32_12_16.jpg
21202	2026_06_10_16_39_53_24.jpg
21204	2026_06_11_10_10_13_51.jpg
21205	2026_06_11_10_24_19_07.jpg
21206	2026_06_11_10_31_22_33.jpg
21207	2026_06_11_14_18_25_52.jpeg
21164	2026_06_11_14_36_23_70.jpg
21208	2026_06_11_14_50_08_75.jpeg
21209	2026_06_11_14_55_36_62.jpg
21210	2026_06_11_15_06_41_24.jpeg
21211	2026_06_11_15_44_36_82.jpg
21212	2026_06_11_15_51_04_95.jpg
21213	2026_06_11_16_00_09_42.jpg
21214	2026_06_11_16_22_41_93.jpeg
21215	2026_06_12_08_56_23_52.jpeg
21216	2026_06_12_09_17_17_10.jpeg
21217	2026_06_12_15_39_19_06.jpg
21218	2026_06_14_21_44_33_16.jpeg
21219	2026_06_14_21_53_05_59.jpg
21220	2026_06_14_22_03_40_38.jpeg
21221	2026_06_14_22_09_49_12.jpeg
21222	2026_06_15_10_53_11_26.jpeg
21223	2026_06_15_11_01_01_84.jpeg
21224	2026_06_15_11_17_13_62.jpg
21225	2026_06_15_11_37_05_29.jpg
21226	2026_06_15_15_24_41_99.jpeg
21227	2026_06_15_15_54_00_12.jpg
21228	2026_06_15_16_22_11_97.jpeg
21230	2026_06_15_16_49_48_06.jpeg
21232	2026_06_15_20_38_27_24.jpg
21233	2026_06_15_20_45_25_70.jpg
21234	2026_06_15_20_55_28_11.jpeg
21235	2026_06_15_21_03_48_41.jpg
21236	2026_06_15_23_26_39_38.jpg
21231	2026_06_16_10_30_03_68.jpeg
21229	2026_06_16_10_38_49_59.jpeg
21240	2026_06_16_17_23_42_18.jpeg
21241	2026_06_16_17_31_06_60.jpeg
21242	2026_06_16_17_38_55_00.jpg
21243	2026_06_16_17_49_45_28.jpeg
21237	2026_06_16_18_40_38_08.jpg
21244	2026_06_16_22_19_02_00.jpeg
21245	2026_06_17_09_29_52_36.jpeg
21246	2026_06_17_09_46_24_81.jpeg
21247	2026_06_17_10_00_42_85.jpeg
21248	2026_06_17_10_27_08_29.jpeg
21249	2026_06_17_10_36_59_17.jpeg
21250	2026_06_17_11_12_34_85.jpg
21251	2026_06_17_17_31_22_01.jpg
21252	2026_06_18_17_52_39_15.jpg
21253	2026_06_18_18_00_23_60.jpg
21254	2026_06_18_18_06_32_66.jpg
21259	2026_06_22_14_20_29_53.jpeg
21260	2026_06_22_14_25_25_93.jpg
21261	2026_06_22_14_42_59_17.jpeg
21258	2026_06_23_04_15_50_04.jpg
21262	2026_06_23_08_36_50_12.jpeg
21263	2026_06_23_08_57_52_95.jpg
21264	2026_06_23_09_53_17_44.jpeg
21265	2026_06_23_09_59_52_34.jpg
21266	2026_06_23_10_11_37_71.jpg
21267	2026_06_23_14_05_24_92.jpg
21268	2026_06_23_15_36_25_60.jpg
21269	2026_06_23_15_46_12_45.jpg
21270	2026_06_23_15_51_54_86.jpg
21271	2026_06_23_17_18_35_87.jpg
21272	2026_06_23_17_47_57_53.jpeg
21273	2026_06_23_17_57_32_62.jpg
21274	2026_06_23_18_16_03_47.jpeg
21275	2026_06_24_10_28_16_83.jpg
21278	2026_06_24_15_43_29_41.jpg
21279	2026_06_24_15_55_12_83.jpeg
21280	2026_06_24_16_05_11_65.jpeg
21281	2026_06_24_16_12_43_37.jpg
21282	2026_06_24_16_20_02_09.jpg
21283	2026_06_25_09_05_16_78.jpg
21284	2026_06_30_10_52_11_06.jpg
21285	2026_06_30_11_04_55_35.jpg
21286	2026_06_30_11_16_41_15.jpg
21277	2026_06_30_11_20_41_08.jpg
21287	2026_06_30_16_49_38_80.jpg
21288	2026_07_01_08_27_09_66.jpg
21289	2026_07_01_08_49_56_05.jpeg
21291	2026_07_01_15_39_23_96.jpg
21292	2026_07_01_15_44_17_24.jpeg
21293	2026_07_01_15_50_22_61.jpeg
21294	2026_07_01_16_03_04_07.jpeg
21295	2026_07_01_16_14_00_98.jpg
21296	2026_07_01_17_22_07_13.jpg
21297	2026_07_02_10_01_58_80.jpeg
21298	2026_07_02_10_07_34_42.jpeg
21299	2026_07_02_10_12_28_07.jpg
21300	2026_07_02_10_20_10_06.jpg
21301	2026_07_02_10_24_47_12.jpg
21302	2026_07_02_10_35_13_07.jpeg
21303	2026_07_02_10_42_58_83.jpg
21304	2026_07_02_10_56_57_18.jpg
21305	2026_07_02_14_05_56_24.jpg
21306	2026_07_02_14_10_51_10.jpg
21307	2026_07_02_14_17_31_92.jpeg
21308	2026_07_02_14_24_51_31.jpeg
21309	2026_07_02_14_30_37_22.jpg
21310	2026_07_02_14_34_53_25.jpeg
21311	2026_07_02_14_45_16_28.jpg
21312	2026_07_02_14_54_28_33.jpeg
21313	2026_07_02_14_59_00_20.jpg
21315	2026_07_03_11_47_55_63.jpeg
21316	2026_07_06_16_17_37_11.jpeg
21317	2026_07_06_16_48_10_73.jpeg
21318	2026_07_06_16_54_03_24.jpg
21319	2026_07_06_16_58_56_03.jpg
21320	2026_07_06_17_18_36_26.jpeg
21321	2026_07_06_17_24_39_29.jpg
21322	2026_07_06_17_29_21_64.jpg
21323	2026_07_06_17_39_09_40.jpeg
21324	2026_07_07_09_52_38_08.jpg
21325	2026_07_07_09_58_48_51.jpeg
21326	2026_07_07_10_06_55_29.jpeg
21327	2026_07_07_10_14_36_79.jpg
21328	2026_07_07_10_24_37_72.jpeg
21329	2026_07_07_10_35_29_22.jpg
21330	2026_07_07_11_29_30_90.jpeg
21331	2026_07_07_11_37_41_37.jpeg
21332	2026_07_07_13_44_43_19.jpeg
21333	2026_07_07_13_50_40_10.jpeg
21334	2026_07_07_14_02_53_87.jpeg
21335	2026_07_07_14_14_38_23.jpeg
21336	2026_07_07_14_48_56_38.jpeg
21337	2026_07_07_14_52_53_00.jpg
21338	2026_07_07_15_01_19_34.jpg
21339	2026_07_07_15_09_49_52.jpg
21340	2026_07_07_16_33_49_69.jpg
21341	2026_07_08_13_59_00_93.jpg
21342	2026_07_08_14_03_20_71.jpg
21343	2026_07_08_15_03_01_41.jpg
21344	2026_07_08_15_14_32_05.jpg
21346	2026_07_08_15_39_02_51.jpeg
21348	2026_07_08_16_01_29_37.jpeg
21345	2026_07_08_16_04_55_34.jpg
21349	2026_07_09_14_42_31_50.jpg
21351	2026_07_09_15_55_12_68.jpg
21352	2026_07_09_15_59_16_36.jpg
21353	2026_07_09_16_03_03_47.jpg
21354	2026_07_09_16_23_31_64.jpg
21355	2026_07_10_10_41_00_98.jpg
21356	2026_07_10_10_45_39_54.jpg
21357	2026_07_10_10_52_04_29.jpg
21358	2026_07_10_11_00_35_79.jpg
21359	2026_07_10_17_09_49_16.jpg
21360	2026_07_10_20_57_41_54.jpg
21361	2026_07_10_21_13_24_86.jpg
21362	2026_07_10_21_17_52_41.jpeg
21363	2026_07_10_21_59_33_88.jpeg
21364	2026_07_13_09_03_44_05.jpeg
21365	2026_07_13_09_13_38_35.jpg
21366	2026_07_13_09_51_14_73.jpg
21369	2026_07_13_10_19_34_33.jpeg
21368	2026_07_13_10_27_35_25.jpeg
21367	2026_07_13_10_29_20_67.jpeg
21370	2026_07_13_16_19_54_66.jpg
21371	2026_07_13_16_33_50_66.jpeg
21372	2026_07_13_16_46_00_62.jpg
21373	2026_07_13_16_51_14_64.jpeg
21374	2026_07_13_17_02_48_98.jpeg
21375	2026_07_13_18_01_40_27.jpg
21377	2026_07_14_09_43_33_52.jpeg
21378	2026_07_14_09_44_55_56.jpeg
21379	2026_07_14_09_49_14_95.jpeg
21380	2026_07_14_09_59_47_27.jpeg
21381	2026_07_14_10_15_59_37.jpeg
21382	2026_07_14_10_25_05_55.jpeg
21383	2026_07_14_10_30_30_84.jpeg
21384	2026_07_14_10_36_47_33.jpeg
21385	2026_07_14_10_39_46_91.jpeg
21386	2026_07_14_14_21_22_18.jpeg
21387	2026_07_14_14_24_54_67.jpeg
21388	2026_07_14_14_33_37_54.jpeg
21389	2026_07_14_14_40_43_11.jpeg
21390	2026_07_14_14_47_32_57.jpeg
21391	2026_07_14_15_05_47_32.jpeg
21392	2026_07_14_15_15_44_84.jpeg
21393	2026_07_14_15_42_27_53.jpeg
21394	2026_07_14_15_49_55_68.jpeg
21395	2026_07_14_15_53_45_14.jpeg
21396	2026_07_14_15_57_21_67.jpeg
21397	2026_07_14_16_00_16_70.jpeg
21398	2026_07_14_16_04_58_26.jpeg
21399	2026_07_14_16_16_24_10.jpeg
21400	2026_07_14_16_20_35_98.jpeg
21401	2026_07_14_16_30_37_17.jpeg
21402	2026_07_14_19_46_28_86.jpeg
21403	2026_07_14_20_02_45_98.jpeg
21404	2026_07_14_20_34_48_51.jpg
21405	2026_07_14_20_51_33_82.jpeg
21406	2026_07_14_21_06_02_94.jpeg
21407	2026_07_15_08_11_41_51.jpg
21408	2026_07_15_10_33_00_17.jpeg
21409	2026_07_15_13_53_13_63.jpeg
21410	2026_07_15_13_58_07_99.jpeg
21411	2026_07_15_14_06_35_46.jpg
21412	2026_07_15_14_12_56_19.jpeg
21413	2026_07_15_14_43_51_22.jpg
21414	2026_07_15_14_52_03_65.jpeg
21415	2026_07_15_15_22_08_25.jpg
21416	2026_07_15_15_27_15_63.jpg
21417	2026_07_15_15_32_20_34.jpeg
21418	2026_07_15_15_36_53_75.jpeg
21419	2026_07_15_15_47_11_64.jpeg
21420	2026_07_15_15_50_13_60.jpeg
21421	2026_07_15_15_58_26_52.jpg
21422	2026_07_15_16_07_47_11.jpg
21423	2026_07_16_11_11_08_99.jpg
21424	2026_07_16_11_20_20_19.jpg
21425	2026_07_16_12_15_15_12.jpeg
21426	2026_07_16_15_28_43_23.jpg
21427	2026_07_16_15_39_12_71.jpeg
21428	2026_07_17_17_12_03_08.jpg
21429	2026_07_17_17_40_32_70.jpg
21430	2026_07_17_17_44_12_89.jpg
21431	2026_07_17_18_01_18_07.jpg
21432	2026_07_20_14_06_19_42.jpeg
21433	2026_07_20_14_12_32_44.jpeg
21434	2026_07_20_14_29_01_52.jpeg
21435	2026_07_20_14_39_33_88.jpg
21436	2026_07_20_14_56_48_97.jpeg
21437	2026_07_20_15_04_39_68.jpeg
21438	2026_07_20_15_10_43_23.jpeg
21439	2026_07_20_16_56_16_30.jpeg
21440	2026_07_20_17_13_41_84.jpeg
21441	2026_07_20_20_58_12_73.jpg
21442	2026_07_21_09_31_08_11.jpeg
21443	2026_07_21_09_53_12_71.jpeg
21444	2026_07_21_10_14_32_67.jpg
21445	2026_07_21_10_30_57_11.jpg
21446	2026_07_21_14_48_11_03.jpg
21447	2026_07_21_15_54_06_58.jpg
21448	2026_07_23_19_53_48_19.jpg
21449	2026_07_24_11_22_33_94.png
21451	2026_07_26_20_03_11_14.jpg
21452	2026_07_27_09_38_05_99.jpeg
21453	2026_07_27_09_54_37_43.jpeg
21454	2026_07_27_10_25_36_77.jpg
21455	2026_07_27_10_51_00_67.jpg
21456	2026_07_27_11_04_58_39.jpg
21457	2026_07_27_12_00_36_73.jpg
21458	2026_07_27_12_20_06_39.jpeg
21459	2026_07_27_14_20_17_36.jpg
21460	2026_07_27_15_26_06_66.jpg
21461	2026_07_27_15_36_06_44.jpg
21462	2026_07_27_16_21_34_21.jpg
21463	2026_07_27_16_28_09_33.jpg
21464	2026_07_27_16_53_08_89.jpg
21465	2026_07_27_17_13_29_59.jpg
21466	2026_07_27_21_06_45_50.jpg
21467	2026_07_28_09_01_03_92.jpeg
21468	2026_07_28_09_13_02_02.jpeg
21469	2026_07_28_14_35_26_41.jpeg
21470	2026_07_28_14_44_39_54.jpg
21471	2026_07_29_14_40_44_86.jpg
21472	2026_07_29_17_17_24_42.jpeg
21473	2026_07_30_14_49_22_33.jpeg
21474	2026_07_30_16_03_27_15.jpg
21475	2026_07_30_16_16_07_39.jpg
21476	2026_07_30_16_24_10_87.jpeg
21477	2026_08_01_12_18_12_31.jpg
21479	2026_08_03_09_43_42_45.jpg
21480	2026_08_03_13_59_37_24.jpg
21481	2026_08_03_15_58_34_77.jpeg
21482	2026_08_03_16_13_57_66.jpg
21483	2026_08_03_16_26_54_44.jpg
21484	2026_08_03_21_31_48_43.jpg
21485	2026_08_03_21_51_18_53.jpg
21486	2026_08_03_22_00_37_91.jpeg
21487	2026_08_04_08_53_30_95.jpeg
21488	2026_08_04_09_03_13_27.jpeg
21489	2026_08_04_09_22_13_29.jpeg
21490	2026_08_04_10_23_47_44.jpg
21491	2026_08_04_10_58_12_48.jpeg
21492	2026_08_04_14_22_41_38.jpeg
21493	2026_08_04_14_40_14_51.jpg
21494	2026_08_04_14_56_32_74.jpg
21495	2026_08_04_15_02_49_11.jpg
21496	2026_08_04_15_57_17_41.jpg
21497	2026_08_04_16_02_50_92.jpg
21499	2026_08_04_16_13_42_93.jpeg
21500	2026_08_04_16_28_48_89.jpg
21501	2026_08_04_16_34_18_87.jpeg
21503	2026_08_05_08_23_00_64.jpg
21504	2026_08_05_08_32_46_24.jpeg
21505	2026_08_05_09_05_03_38.jpeg
21506	2026_08_05_10_07_55_75.jpeg
21507	2026_08_05_10_21_14_40.jpeg
21508	2026_08_05_10_26_27_90.jpeg
21510	2026_08_05_14_27_43_44.jpeg
21513	2026_08_05_15_10_14_21.jpg
21515	2026_08_05_18_46_21_55.jpeg
21512	2026_08_05_18_53_14_50.jpg
21517	2026_08_05_19_07_16_90.jpg
21518	2026_08_06_08_49_59_93.jpeg
21520	2026_08_06_09_23_31_48.jpeg
21521	2026_08_06_10_51_41_28.jpeg
21522	2026_08_06_14_56_56_46.jpeg
21523	2026_08_06_15_08_34_78.jpg
21524	2026_08_06_15_17_24_13.jpeg
21525	2026_08_06_15_48_08_68.jpeg
21526	2026_08_06_22_53_34_51.png
21527	2026_08_09_15_16_47_47.jpeg
21528	2026_08_09_15_25_48_42.jpg
21529	2026_08_11_16_14_17_30.jpg
21530	2026_08_11_16_23_45_60.jpg
21531	2026_08_11_16_32_57_02.jpg
21532	2026_08_11_16_42_04_23.jpg
21533	2026_08_11_16_50_08_57.jpg
21534	2026_08_11_17_00_30_61.jpeg
21535	2026_08_11_21_30_57_48.jpeg
21536	2026_08_11_21_45_32_56.jpg
21537	2026_08_11_21_52_56_95.jpg
21538	2026_08_12_08_41_13_91.jpeg
21539	2026_08_12_08_52_29_89.jpeg
21540	2026_08_12_09_01_24_94.jpeg
21541	2026_08_12_10_39_55_23.jpeg
21542	2026_08_12_10_46_56_96.jpeg
21544	2026_08_12_11_29_04_76.jpg
21545	2026_08_12_11_43_15_09.jpeg
21546	2026_08_12_11_48_24_37.jpeg
21547	2026_08_12_14_29_53_64.jpeg
21548	2026_08_12_15_53_50_75.jpeg
21549	2026_08_12_16_07_46_47.jpg
21550	2026_08_12_16_15_03_41.jpeg
21551	2026_08_13_08_53_47_93.jpg
21552	2026_08_13_08_59_03_35.jpg
21553	2026_08_13_09_09_34_83.jpg
21554	2026_08_13_09_19_43_43.jpg
21555	2026_08_13_10_40_20_28.jpg
21556	2026_08_13_10_44_50_02.jpg
21557	2026_08_13_10_50_35_20.jpeg
21558	2026_08_13_10_54_56_22.jpg
21559	2026_08_13_10_59_43_14.jpg
21560	2026_08_13_14_09_29_92.jpg
21561	2026_08_13_14_27_13_78.jpg
21562	2026_08_13_14_37_14_84.jpeg
21563	2026_08_13_14_43_17_90.jpg
21564	2026_08_13_16_10_52_41.jpg
21565	2026_08_13_16_37_34_24.jpg
21566	2026_08_14_08_39_00_05.jpg
21567	2026_08_14_08_49_57_37.jpeg
21568	2026_08_14_09_07_06_20.jpeg
21569	2026_08_14_09_14_01_15.jpeg
21570	2026_08_14_10_04_57_34.jpeg
21571	2026_08_14_10_11_58_63.jpeg
21572	2026_08_14_10_35_13_89.jpg
21573	2026_08_14_10_46_03_39.jpg
21574	2026_08_14_10_57_02_54.jpeg
21575	2026_08_14_14_17_16_04.jpg
21576	2026_08_14_14_56_46_07.jpeg
21577	2026_08_14_15_07_59_23.jpeg
21578	2026_08_14_15_21_23_28.jpg
21579	2026_08_14_15_41_38_46.jpg
21580	2026_08_14_15_44_37_67.jpg
21581	2026_08_14_21_13_50_20.jpg
21582	2026_08_14_21_17_43_36.jpg
21583	2026_08_14_21_22_46_24.jpg
21584	2026_08_14_21_29_52_41.jpeg
21585	2026_08_14_21_36_40_95.jpg
21586	2026_08_14_21_49_44_04.jpg
21587	2026_08_14_21_55_00_35.jpg
21588	2026_08_14_21_58_36_20.jpg
21589	2026_08_14_22_03_00_28.jpg
21590	2026_08_14_22_11_38_44.jpg
21591	2026_08_14_22_17_31_49.jpeg
21592	2026_08_15_09_40_28_83.jpg
21593	2026_08_15_09_58_27_69.jpeg
21594	2026_08_15_10_30_55_73.jpg
21595	2026_08_15_15_47_02_30.jpeg
21599	2026_08_15_22_01_59_18.jpg
21600	2026_08_17_09_42_00_28.jpg
21602	2026_08_17_09_51_01_15.jpeg
21603	2026_08_17_10_45_47_50.jpeg
21607	2026_08_17_14_13_52_77.jpeg
21608	2026_08_17_14_30_38_82.jpeg
21609	2026_08_17_14_45_28_10.jpeg
21610	2026_08_17_14_52_03_13.jpeg
21601	2026_08_17_15_33_10_76.jpeg
21611	2026_08_17_15_42_56_74.jpg
21612	2026_08_17_15_52_49_43.jpg
21613	2026_08_17_16_00_48_21.jpeg
21614	2026_08_17_16_07_58_73.jpg
21615	2026_08_17_16_19_46_73.jpeg
21616	2026_08_17_16_48_40_10.jpg
21617	2026_08_17_16_53_26_55.jpg
21620	2026_08_18_09_59_03_52.jpg
21621	2026_08_18_10_16_56_50.jpeg
21622	2026_08_18_10_32_12_60.jpeg
21623	2026_08_18_10_41_57_69.jpeg
21624	2026_08_18_11_01_30_98.jpg
21625	2026_08_18_14_43_10_80.jpeg
21626	2026_08_18_14_53_27_52.jpg
21627	2026_08_18_15_08_41_39.jpeg
21628	2026_08_19_20_44_30_80.jpg
21629	2026_08_19_20_57_55_45.jpeg
21630	2026_08_19_21_07_12_07.jpg
21631	2026_08_19_21_19_20_34.jpeg
21632	2026_08_20_10_34_32_53.jpg
21633	2026_08_20_10_50_33_52.jpg
21635	2026_08_20_14_48_56_54.jpeg
21636	2026_08_20_14_55_52_35.jpg
21637	2026_08_20_15_06_24_67.jpg
21638	2026_08_20_16_02_51_01.jpeg
21639	2026_08_20_16_12_14_10.jpeg
21640	2026_08_20_16_20_08_79.jpeg
21641	2026_08_20_16_26_59_13.jpg
21642	2026_08_20_16_33_29_57.jpg
21643	2026_08_21_10_37_51_49.jpeg
21644	2026_08_21_10_45_03_12.jpeg
21645	2026_08_21_14_47_12_34.jpeg
21646	2026_08_21_15_09_08_68.jpg
21647	2026_08_21_21_02_36_51.jpeg
21648	2026_08_21_21_10_14_83.jpg
21649	2026_08_21_21_39_47_55.jpeg
21634	2026_08_21_21_57_45_04.jpg
21650	2026_08_21_22_15_01_73.jpeg
21651	2026_08_21_22_26_00_69.jpg
21652	2026_08_24_09_50_36_82.jpeg
21653	2026_08_24_10_25_27_53.jpeg
21654	2026_08_24_10_40_36_79.jpg
21655	2026_08_24_14_32_35_46.jpeg
21656	2026_08_24_16_04_55_57.jpg
21657	2026_08_25_11_08_46_72.jpeg
21658	2026_08_25_14_09_31_65.jpg
21659	2026_08_25_14_22_30_03.jpeg
21660	2026_08_25_14_39_30_00.jpeg
21661	2026_08_25_14_50_37_13.jpg
21662	2026_08_25_14_55_00_25.jpg
21663	2026_08_25_15_02_16_69.jpeg
21664	2026_08_25_15_06_00_35.jpeg
21665	2026_08_25_15_10_30_72.jpg
21666	2026_08_25_16_03_06_31.jpeg
21667	2026_08_25_16_08_23_98.jpeg
21668	2026_08_25_16_19_06_34.jpg
21669	2026_08_25_16_22_18_12.jpg
21670	2026_08_25_16_26_22_20.jpg
21671	2026_08_25_16_30_54_57.jpg
21672	2026_08_25_16_33_00_98.jpeg
21673	2026_08_26_14_38_33_28.jpeg
21674	2026_08_26_14_52_19_74.jpeg
21675	2026_08_26_15_26_12_94.jpeg
21676	2026_08_27_10_47_32_20.jpg
21677	2026_08_27_14_39_52_01.jpg
21678	2026_08_27_14_45_37_10.jpg
21679	2026_08_27_15_00_44_02.jpg
21680	2026_08_27_15_07_34_39.jpeg
21681	2026_08_27_15_28_24_01.jpeg
21683	2026_08_28_08_57_10_87.jpeg
21684	2026_08_28_09_28_58_14.jpeg
21685	2026_08_28_11_01_14_73.jpeg
